{
    "fileName": "REVRobotics.json",
    "name": "REVRobotics",
    "version": "1.2.1",
    "uuid": "3f48eb8c-50fe-43a6-9cb7-44c86353c4cb",
    "mavenUrls": [
        "http://www.revrobotics.com/content/sw/max/sdk/maven/"
    ],
    "jsonUrl": "http://www.revrobotics.com/content/sw/max/sdk/REVRobotics.json",
    "javaDependencies": [
        {
            "groupId": "com.revrobotics.frc",
            "artifactId": "SparkMax-java",
            "version": "1.2.1"
        }
    ],
    "jniDependencies": [
        {
            "groupId": "com.revrobotics.frc",
            "artifactId": "SparkMax-driver",
            "version": "1.2.1",
            "skipInvalidPlatforms": true,
            "isJar": false,
            "validPlatforms": [
                "linuxathena"
            ]
        }
    ],
    "cppDependencies": [
        {
            "groupId": "com.revrobotics.frc",
            "artifactId": "SparkMax-cpp",
            "version": "1.2.1",
            "libName": "libSparkMax",
            "headerClassifier": "headers",
            "sharedLibrary": false,
            "skipInvalidPlatforms": true,
            "binaryPlatforms": [
                "linuxathena"
            ]
        },
        {
            "groupId": "com.revrobotics.frc",
            "artifactId": "SparkMax-driver",
            "version": "1.2.1",
            "libName": "libSparkMaxDriver",
            "headerClassifier": "headers",
            "sharedLibrary": false,
            "skipInvalidPlatforms": true,
            "binaryPlatforms": [
                "linuxathena"
            ]
        }
    ]
}
